[{"model": "admin.logentry", "pk": 1, "fields": {"action_time": "2025-07-30T22:23:31.386Z", "user": 1, "content_type": 3, "object_id": "1", "object_repr": "Administradores", "action_flag": 1, "change_message": "[{\"added\": {}}]"}}, {"model": "admin.logentry", "pk": 2, "fields": {"action_time": "2025-07-30T22:25:22.405Z", "user": 1, "content_type": 4, "object_id": "1", "object_repr": "tresillo", "action_flag": 2, "change_message": "[{\"changed\": {\"fields\": [\"Groups\"]}}]"}}, {"model": "admin.logentry", "pk": 3, "fields": {"action_time": "2025-07-30T22:27:50.829Z", "user": 1, "content_type": 4, "object_id": "2", "object_repr": "user", "action_flag": 1, "change_message": "[{\"added\": {}}]"}}, {"model": "admin.logentry", "pk": 4, "fields": {"action_time": "2025-07-30T22:28:20.102Z", "user": 1, "content_type": 4, "object_id": "2", "object_repr": "user", "action_flag": 2, "change_message": "[]"}}, {"model": "admin.logentry", "pk": 5, "fields": {"action_time": "2025-08-12T15:17:16.868Z", "user": 1, "content_type": 4, "object_id": "2", "object_repr": "user", "action_flag": 2, "change_message": "[{\"changed\": {\"fields\": [\"password\"]}}]"}}, {"model": "admin.logentry", "pk": 6, "fields": {"action_time": "2025-08-12T16:19:51.699Z", "user": 1, "content_type": 10, "object_id": "1", "object_repr": "Lasaña", "action_flag": 1, "change_message": "[{\"added\": {}}]"}}, {"model": "admin.logentry", "pk": 7, "fields": {"action_time": "2025-08-12T16:20:01.896Z", "user": 1, "content_type": 10, "object_id": "2", "object_repr": "Arroz", "action_flag": 1, "change_message": "[{\"added\": {}}]"}}, {"model": "admin.logentry", "pk": 8, "fields": {"action_time": "2025-08-12T16:20:07.536Z", "user": 1, "content_type": 10, "object_id": "3", "object_repr": "Lentejas", "action_flag": 1, "change_message": "[{\"added\": {}}]"}}, {"model": "admin.logentry", "pk": 9, "fields": {"action_time": "2025-08-12T16:20:12.950Z", "user": 1, "content_type": 10, "object_id": "4", "object_repr": "Sopa", "action_flag": 1, "change_message": "[{\"added\": {}}]"}}, {"model": "admin.logentry", "pk": 10, "fields": {"action_time": "2025-08-12T16:21:29.401Z", "user": 1, "content_type": 9, "object_id": "1", "object_repr": "Vedruna", "action_flag": 1, "change_message": "[{\"added\": {}}]"}}, {"model": "admin.logentry", "pk": 11, "fields": {"action_time": "2025-08-12T16:21:54.751Z", "user": 1, "content_type": 9, "object_id": "2", "object_repr": "Aquinas", "action_flag": 1, "change_message": "[{\"added\": {}}]"}}, {"model": "admin.logentry", "pk": 12, "fields": {"action_time": "2025-08-20T20:05:39.985Z", "user": 1, "content_type": 8, "object_id": "1", "object_repr": "Prueba", "action_flag": 1, "change_message": "[{\"added\": {}}]"}}, {"model": "admin.logentry", "pk": 13, "fields": {"action_time": "2025-08-20T20:06:18.563Z", "user": 1, "content_type": 8, "object_id": "2", "object_repr": "Prueba2", "action_flag": 1, "change_message": "[{\"added\": {}}]"}}, {"model": "admin.logentry", "pk": 14, "fields": {"action_time": "2025-09-22T17:24:42.763Z", "user": 1, "content_type": 9, "object_id": "3", "object_repr": "Alcalá", "action_flag": 1, "change_message": "[{\"added\": {}}]"}}, {"model": "admin.logentry", "pk": 15, "fields": {"action_time": "2025-09-22T17:25:11.468Z", "user": 1, "content_type": 9, "object_id": "4", "object_repr": "Loyola", "action_flag": 1, "change_message": "[{\"added\": {}}]"}}, {"model": "admin.logentry", "pk": 16, "fields": {"action_time": "2025-09-22T17:25:51.023Z", "user": 1, "content_type": 9, "object_id": "5", "object_repr": "Pino", "action_flag": 1, "change_message": "[{\"added\": {}}]"}}, {"model": "admin.logentry", "pk": 17, "fields": {"action_time": "2025-09-22T17:26:41.306Z", "user": 1, "content_type": 9, "object_id": "6", "object_repr": "Casa Laura", "action_flag": 1, "change_message": "[{\"added\": {}}]"}}, {"model": "admin.logentry", "pk": 18, "fields": {"action_time": "2025-09-22T17:28:14.673Z", "user": 1, "content_type": 9, "object_id": "7", "object_repr": "Amor al plato", "action_flag": 1, "change_message": "[{\"added\": {}}]"}}, {"model": "admin.logentry", "pk": 19, "fields": {"action_time": "2025-09-22T17:28:36.670Z", "user": 1, "content_type": 9, "object_id": "8", "object_repr": "Esclerosis", "action_flag": 1, "change_message": "[{\"added\": {}}]"}}, {"model": "admin.logentry", "pk": 20, "fields": {"action_time": "2025-09-22T17:28:59.008Z", "user": 1, "content_type": 9, "object_id": "9", "object_repr": "Casa Jose Luis", "action_flag": 1, "change_message": "[{\"added\": {}}]"}}, {"model": "admin.logentry", "pk": 21, "fields": {"action_time": "2025-09-22T17:29:21.937Z", "user": 1, "content_type": 9, "object_id": "10", "object_repr": "El Cebón", "action_flag": 1, "change_message": "[{\"added\": {}}]"}}, {"model": "admin.logentry", "pk": 22, "fields": {"action_time": "2025-09-22T17:29:57.687Z", "user": 1, "content_type": 9, "object_id": "11", "object_repr": "Los mares", "action_flag": 1, "change_message": "[{\"added\": {}}]"}}, {"model": "admin.logentry", "pk": 23, "fields": {"action_time": "2025-09-22T17:30:18.913Z", "user": 1, "content_type": 9, "object_id": "12", "object_repr": "Panic", "action_flag": 1, "change_message": "[{\"added\": {}}]"}}, {"model": "admin.logentry", "pk": 24, "fields": {"action_time": "2025-09-22T17:30:38.776Z", "user": 1, "content_type": 9, "object_id": "13", "object_repr": "Fruteria Mariano", "action_flag": 1, "change_message": "[{\"added\": {}}]"}}, {"model": "admin.logentry", "pk": 25, "fields": {"action_time": "2025-09-22T17:51:28.136Z", "user": 1, "content_type": 10, "object_id": "5", "object_repr": "Fruta y verdura", "action_flag": 1, "change_message": "[{\"added\": {}}]"}}, {"model": "admin.logentry", "pk": 26, "fields": {"action_time": "2025-09-22T18:01:54.125Z", "user": 1, "content_type": 10, "object_id": "6", "object_repr": "Judias pintas", "action_flag": 1, "change_message": "[{\"added\": {}}]"}}, {"model": "admin.logentry", "pk": 27, "fields": {"action_time": "2025-09-22T18:02:38.853Z", "user": 1, "content_type": 10, "object_id": "7", "object_repr": "Patatas a la marinera", "action_flag": 1, "change_message": "[{\"added\": {}}]"}}, {"model": "admin.logentry", "pk": 28, "fields": {"action_time": "2025-09-22T18:05:03.783Z", "user": 1, "content_type": 10, "object_id": "8", "object_repr": "Pan", "action_flag": 1, "change_message": "[{\"added\": {}}]"}}, {"model": "admin.logentry", "pk": 29, "fields": {"action_time": "2025-09-22T18:06:16.491Z", "user": 1, "content_type": 10, "object_id": "9", "object_repr": "Pure de verduras", "action_flag": 1, "change_message": "[{\"added\": {}}]"}}, {"model": "admin.logentry", "pk": 30, "fields": {"action_time": "2025-09-22T18:06:41.464Z", "user": 1, "content_type": 10, "object_id": "10", "object_repr": "Turmix pollo y verduras", "action_flag": 1, "change_message": "[{\"added\": {}}]"}}, {"model": "admin.logentry", "pk": 31, "fields": {"action_time": "2025-09-22T18:06:47.649Z", "user": 1, "content_type": 10, "object_id": "11", "object_repr": "Ensaladilla rusa", "action_flag": 1, "change_message": "[{\"added\": {}}]"}}, {"model": "admin.logentry", "pk": 32, "fields": {"action_time": "2025-09-22T18:07:20.610Z", "user": 1, "content_type": 10, "object_id": "12", "object_repr": "Ensalda campera", "action_flag": 1, "change_message": "[{\"added\": {}}]"}}, {"model": "admin.logentry", "pk": 33, "fields": {"action_time": "2025-09-22T18:07:47.362Z", "user": 1, "content_type": 10, "object_id": "13", "object_repr": "Judias pintas con patatas", "action_flag": 1, "change_message": "[{\"added\": {}}]"}}, {"model": "admin.logentry", "pk": 34, "fields": {"action_time": "2025-09-22T18:15:28.754Z", "user": 1, "content_type": 8, "object_id": "3", "object_repr": "Shalua", "action_flag": 1, "change_message": "[{\"added\": {}}]"}}, {"model": "admin.logentry", "pk": 35, "fields": {"action_time": "2025-09-22T18:17:57.646Z", "user": 1, "content_type": 8, "object_id": "4", "object_repr": "Viviana", "action_flag": 1, "change_message": "[{\"added\": {}}]"}}, {"model": "admin.logentry", "pk": 36, "fields": {"action_time": "2025-09-22T18:18:29.270Z", "user": 1, "content_type": 8, "object_id": "5", "object_repr": "Mariano", "action_flag": 1, "change_message": "[{\"added\": {}}]"}}, {"model": "admin.logentry", "pk": 37, "fields": {"action_time": "2025-09-22T18:18:39.660Z", "user": 1, "content_type": 8, "object_id": "4", "object_repr": "Viviana", "action_flag": 2, "change_message": "[{\"changed\": {\"fields\": [\"Activo\"]}}]"}}, {"model": "admin.logentry", "pk": 38, "fields": {"action_time": "2025-09-22T18:18:45.478Z", "user": 1, "content_type": 8, "object_id": "3", "object_repr": "Shalua", "action_flag": 2, "change_message": "[{\"changed\": {\"fields\": [\"Activo\"]}}]"}}, {"model": "admin.logentry", "pk": 39, "fields": {"action_time": "2025-09-22T18:22:08.475Z", "user": 1, "content_type": 8, "object_id": "2", "object_repr": "Prueba2", "action_flag": 2, "change_message": "[{\"changed\": {\"fields\": [\"Activo\"]}}]"}}, {"model": "admin.logentry", "pk": 40, "fields": {"action_time": "2025-09-22T18:22:15.309Z", "user": 1, "content_type": 8, "object_id": "1", "object_repr": "Prueba", "action_flag": 2, "change_message": "[{\"changed\": {\"fields\": [\"Activo\"]}}]"}}, {"model": "admin.logentry", "pk": 41, "fields": {"action_time": "2025-09-22T18:25:48.038Z", "user": 1, "content_type": 8, "object_id": "6", "object_repr": "Ascensión", "action_flag": 1, "change_message": "[{\"added\": {}}]"}}, {"model": "admin.logentry", "pk": 42, "fields": {"action_time": "2025-09-22T18:26:19.270Z", "user": 1, "content_type": 8, "object_id": "7", "object_repr": "Janeth", "action_flag": 1, "change_message": "[{\"added\": {}}]"}}, {"model": "admin.logentry", "pk": 43, "fields": {"action_time": "2025-09-22T18:28:42.305Z", "user": 1, "content_type": 8, "object_id": "8", "object_repr": "Albino", "action_flag": 1, "change_message": "[{\"added\": {}}]"}}, {"model": "admin.logentry", "pk": 44, "fields": {"action_time": "2025-09-22T18:29:13.345Z", "user": 1, "content_type": 8, "object_id": "9", "object_repr": "Gladys", "action_flag": 1, "change_message": "[{\"added\": {}}]"}}, {"model": "admin.logentry", "pk": 45, "fields": {"action_time": "2025-09-22T18:29:41.405Z", "user": 1, "content_type": 8, "object_id": "10", "object_repr": "Jorge Rosales", "action_flag": 1, "change_message": "[{\"added\": {}}]"}}, {"model": "admin.logentry", "pk": 46, "fields": {"action_time": "2025-09-22T18:30:11.381Z", "user": 1, "content_type": 8, "object_id": "11", "object_repr": "Doru", "action_flag": 1, "change_message": "[{\"added\": {}}]"}}, {"model": "admin.logentry", "pk": 47, "fields": {"action_time": "2025-09-22T18:30:40.009Z", "user": 1, "content_type": 8, "object_id": "12", "object_repr": "Gladys Esther", "action_flag": 1, "change_message": "[{\"added\": {}}]"}}, {"model": "admin.logentry", "pk": 48, "fields": {"action_time": "2025-09-22T18:31:02.361Z", "user": 1, "content_type": 8, "object_id": "13", "object_repr": "Mirtha", "action_flag": 1, "change_message": "[{\"added\": {}}]"}}, {"model": "admin.logentry", "pk": 49, "fields": {"action_time": "2025-09-22T18:31:29.592Z", "user": 1, "content_type": 8, "object_id": "14", "object_repr": "Liliana", "action_flag": 1, "change_message": "[{\"added\": {}}]"}}, {"model": "admin.logentry", "pk": 50, "fields": {"action_time": "2025-09-22T18:32:27.814Z", "user": 1, "content_type": 8, "object_id": "15", "object_repr": "Carmen", "action_flag": 1, "change_message": "[{\"added\": {}}]"}}, {"model": "admin.logentry", "pk": 51, "fields": {"action_time": "2025-09-22T18:33:14.341Z", "user": 1, "content_type": 8, "object_id": "16", "object_repr": "Sandra", "action_flag": 1, "change_message": "[{\"added\": {}}]"}}, {"model": "admin.logentry", "pk": 52, "fields": {"action_time": "2025-09-22T18:35:45.593Z", "user": 1, "content_type": 8, "object_id": "17", "object_repr": "Elvira", "action_flag": 1, "change_message": "[{\"added\": {}}]"}}, {"model": "admin.logentry", "pk": 53, "fields": {"action_time": "2025-09-22T18:42:15.483Z", "user": 1, "content_type": 10, "object_id": "14", "object_repr": "Pollo con salsal de mostaza", "action_flag": 1, "change_message": "[{\"added\": {}}]"}}, {"model": "admin.logentry", "pk": 54, "fields": {"action_time": "2025-09-22T18:42:22.230Z", "user": 1, "content_type": 10, "object_id": "15", "object_repr": "Hamburguesas", "action_flag": 1, "change_message": "[{\"added\": {}}]"}}, {"model": "admin.logentry", "pk": 55, "fields": {"action_time": "2025-09-22T18:42:48.203Z", "user": 1, "content_type": 10, "object_id": "16", "object_repr": "Muslitos de pollo", "action_flag": 1, "change_message": "[{\"added\": {}}]"}}, {"model": "admin.logentry", "pk": 56, "fields": {"action_time": "2025-09-22T18:42:53.074Z", "user": 1, "content_type": 10, "object_id": "17", "object_repr": "Ensalada de pasta", "action_flag": 1, "change_message": "[{\"added\": {}}]"}}, {"model": "admin.logentry", "pk": 57, "fields": {"action_time": "2025-09-22T18:43:49.584Z", "user": 1, "content_type": 10, "object_id": "18", "object_repr": "Guiso de carne carcamusa", "action_flag": 1, "change_message": "[{\"added\": {}}]"}}, {"model": "admin.logentry", "pk": 58, "fields": {"action_time": "2025-09-22T18:43:58.435Z", "user": 1, "content_type": 10, "object_id": "19", "object_repr": "Sopa de marisco", "action_flag": 1, "change_message": "[{\"added\": {}}]"}}, {"model": "admin.logentry", "pk": 59, "fields": {"action_time": "2025-09-22T18:46:48.425Z", "user": 1, "content_type": 10, "object_id": "20", "object_repr": "Paella", "action_flag": 1, "change_message": "[{\"added\": {}}]"}}, {"model": "admin.logentry", "pk": 60, "fields": {"action_time": "2025-09-22T18:47:08.192Z", "user": 1, "content_type": 10, "object_id": "21", "object_repr": "Garbanzos guisados", "action_flag": 1, "change_message": "[{\"added\": {}}]"}}, {"model": "admin.logentry", "pk": 61, "fields": {"action_time": "2025-09-22T18:49:48.036Z", "user": 1, "content_type": 10, "object_id": "14", "object_repr": "Pollo con salsa de mostaza", "action_flag": 2, "change_message": "[{\"changed\": {\"fields\": [\"Nombre alimento\"]}}]"}}, {"model": "admin.logentry", "pk": 62, "fields": {"action_time": "2025-09-22T18:50:06.452Z", "user": 1, "content_type": 10, "object_id": "22", "object_repr": "Ensala de garbanzos", "action_flag": 1, "change_message": "[{\"added\": {}}]"}}, {"model": "admin.logentry", "pk": 63, "fields": {"action_time": "2025-09-22T18:50:18.452Z", "user": 1, "content_type": 10, "object_id": "23", "object_repr": "Alcachofas", "action_flag": 1, "change_message": "[{\"added\": {}}]"}}, {"model": "admin.logentry", "pk": 64, "fields": {"action_time": "2025-09-29T17:41:25.579Z", "user": 1, "content_type": 8, "object_id": "18", "object_repr": "Justo", "action_flag": 1, "change_message": "[{\"added\": {}}]"}}, {"model": "admin.logentry", "pk": 65, "fields": {"action_time": "2025-09-29T17:41:52.805Z", "user": 1, "content_type": 8, "object_id": "19", "object_repr": "Sergio", "action_flag": 1, "change_message": "[{\"added\": {}}]"}}, {"model": "admin.logentry", "pk": 66, "fields": {"action_time": "2025-09-29T17:42:32.962Z", "user": 1, "content_type": 8, "object_id": "20", "object_repr": "Marisa", "action_flag": 1, "change_message": "[{\"added\": {}}]"}}, {"model": "admin.logentry", "pk": 67, "fields": {"action_time": "2025-09-29T17:43:39.890Z", "user": 1, "content_type": 8, "object_id": "21", "object_repr": "Teresa", "action_flag": 1, "change_message": "[{\"added\": {}}]"}}, {"model": "admin.logentry", "pk": 68, "fields": {"action_time": "2025-09-29T17:49:32.958Z", "user": 1, "content_type": 8, "object_id": "22", "object_repr": "Veronica", "action_flag": 1, "change_message": "[{\"added\": {}}]"}}, {"model": "admin.logentry", "pk": 69, "fields": {"action_time": "2025-09-29T17:50:18.208Z", "user": 1, "content_type": 8, "object_id": "23", "object_repr": "Lidia", "action_flag": 1, "change_message": "[{\"added\": {}}]"}}, {"model": "admin.logentry", "pk": 70, "fields": {"action_time": "2025-09-29T17:52:00.748Z", "user": 1, "content_type": 8, "object_id": "24", "object_repr": "Daniela", "action_flag": 1, "change_message": "[{\"added\": {}}]"}}, {"model": "admin.logentry", "pk": 71, "fields": {"action_time": "2025-09-29T17:52:56.656Z", "user": 1, "content_type": 8, "object_id": "25", "object_repr": "Lucia", "action_flag": 1, "change_message": "[{\"added\": {}}]"}}, {"model": "admin.logentry", "pk": 72, "fields": {"action_time": "2025-09-29T17:53:24.843Z", "user": 1, "content_type": 8, "object_id": "26", "object_repr": "Alberto", "action_flag": 1, "change_message": "[{\"added\": {}}]"}}, {"model": "admin.logentry", "pk": 73, "fields": {"action_time": "2025-09-29T17:54:02.413Z", "user": 1, "content_type": 8, "object_id": "27", "object_repr": "Carmen Delgado", "action_flag": 1, "change_message": "[{\"added\": {}}]"}}, {"model": "admin.logentry", "pk": 74, "fields": {"action_time": "2025-09-29T17:54:25.302Z", "user": 1, "content_type": 8, "object_id": "28", "object_repr": "Johan", "action_flag": 1, "change_message": "[{\"added\": {}}]"}}, {"model": "admin.logentry", "pk": 75, "fields": {"action_time": "2025-09-29T17:55:06.083Z", "user": 1, "content_type": 8, "object_id": "29", "object_repr": "Francisca Girao", "action_flag": 1, "change_message": "[{\"added\": {}}]"}}, {"model": "admin.logentry", "pk": 76, "fields": {"action_time": "2025-09-29T17:56:02.391Z", "user": 1, "content_type": 8, "object_id": "30", "object_repr": "Gabriela", "action_flag": 1, "change_message": "[{\"added\": {}}]"}}, {"model": "auth.permission", "pk": 1, "fields": {"name": "Can add log entry", "content_type": 1, "codename": "add_logentry"}}, {"model": "auth.permission", "pk": 2, "fields": {"name": "Can change log entry", "content_type": 1, "codename": "change_logentry"}}, {"model": "auth.permission", "pk": 3, "fields": {"name": "Can delete log entry", "content_type": 1, "codename": "delete_logentry"}}, {"model": "auth.permission", "pk": 4, "fields": {"name": "Can view log entry", "content_type": 1, "codename": "view_logentry"}}, {"model": "auth.permission", "pk": 5, "fields": {"name": "Can add permission", "content_type": 2, "codename": "add_permission"}}, {"model": "auth.permission", "pk": 6, "fields": {"name": "Can change permission", "content_type": 2, "codename": "change_permission"}}, {"model": "auth.permission", "pk": 7, "fields": {"name": "Can delete permission", "content_type": 2, "codename": "delete_permission"}}, {"model": "auth.permission", "pk": 8, "fields": {"name": "Can view permission", "content_type": 2, "codename": "view_permission"}}, {"model": "auth.permission", "pk": 9, "fields": {"name": "Can add group", "content_type": 3, "codename": "add_group"}}, {"model": "auth.permission", "pk": 10, "fields": {"name": "Can change group", "content_type": 3, "codename": "change_group"}}, {"model": "auth.permission", "pk": 11, "fields": {"name": "Can delete group", "content_type": 3, "codename": "delete_group"}}, {"model": "auth.permission", "pk": 12, "fields": {"name": "Can view group", "content_type": 3, "codename": "view_group"}}, {"model": "auth.permission", "pk": 13, "fields": {"name": "Can add user", "content_type": 4, "codename": "add_user"}}, {"model": "auth.permission", "pk": 14, "fields": {"name": "Can change user", "content_type": 4, "codename": "change_user"}}, {"model": "auth.permission", "pk": 15, "fields": {"name": "Can delete user", "content_type": 4, "codename": "delete_user"}}, {"model": "auth.permission", "pk": 16, "fields": {"name": "Can view user", "content_type": 4, "codename": "view_user"}}, {"model": "auth.permission", "pk": 17, "fields": {"name": "Can add content type", "content_type": 5, "codename": "add_contenttype"}}, {"model": "auth.permission", "pk": 18, "fields": {"name": "Can change content type", "content_type": 5, "codename": "change_contenttype"}}, {"model": "auth.permission", "pk": 19, "fields": {"name": "Can delete content type", "content_type": 5, "codename": "delete_contenttype"}}, {"model": "auth.permission", "pk": 20, "fields": {"name": "Can view content type", "content_type": 5, "codename": "view_contenttype"}}, {"model": "auth.permission", "pk": 21, "fields": {"name": "Can add session", "content_type": 6, "codename": "add_session"}}, {"model": "auth.permission", "pk": 22, "fields": {"name": "Can change session", "content_type": 6, "codename": "change_session"}}, {"model": "auth.permission", "pk": 23, "fields": {"name": "Can delete session", "content_type": 6, "codename": "delete_session"}}, {"model": "auth.permission", "pk": 24, "fields": {"name": "Can view session", "content_type": 6, "codename": "view_session"}}, {"model": "auth.permission", "pk": 25, "fields": {"name": "Can add al ent", "content_type": 7, "codename": "add_alent"}}, {"model": "auth.permission", "pk": 26, "fields": {"name": "Can change al ent", "content_type": 7, "codename": "change_alent"}}, {"model": "auth.permission", "pk": 27, "fields": {"name": "Can delete al ent", "content_type": 7, "codename": "delete_alent"}}, {"model": "auth.permission", "pk": 28, "fields": {"name": "Can view al ent", "content_type": 7, "codename": "view_alent"}}, {"model": "auth.permission", "pk": 29, "fields": {"name": "Can add benef", "content_type": 8, "codename": "add_benef"}}, {"model": "auth.permission", "pk": 30, "fields": {"name": "Can change benef", "content_type": 8, "codename": "change_benef"}}, {"model": "auth.permission", "pk": 31, "fields": {"name": "Can delete benef", "content_type": 8, "codename": "delete_benef"}}, {"model": "auth.permission", "pk": 32, "fields": {"name": "Can view benef", "content_type": 8, "codename": "view_benef"}}, {"model": "auth.permission", "pk": 33, "fields": {"name": "Can add donante", "content_type": 9, "codename": "add_donante"}}, {"model": "auth.permission", "pk": 34, "fields": {"name": "Can change donante", "content_type": 9, "codename": "change_donante"}}, {"model": "auth.permission", "pk": 35, "fields": {"name": "Can delete donante", "content_type": 9, "codename": "delete_donante"}}, {"model": "auth.permission", "pk": 36, "fields": {"name": "Can view donante", "content_type": 9, "codename": "view_donante"}}, {"model": "auth.permission", "pk": 37, "fields": {"name": "Can add tipo al", "content_type": 10, "codename": "add_tipoal"}}, {"model": "auth.permission", "pk": 38, "fields": {"name": "Can change tipo al", "content_type": 10, "codename": "change_tipoal"}}, {"model": "auth.permission", "pk": 39, "fields": {"name": "Can delete tipo al", "content_type": 10, "codename": "delete_tipoal"}}, {"model": "auth.permission", "pk": 40, "fields": {"name": "Can view tipo al", "content_type": 10, "codename": "view_tipoal"}}, {"model": "auth.permission", "pk": 41, "fields": {"name": "Can add checkout", "content_type": 11, "codename": "add_checkout"}}, {"model": "auth.permission", "pk": 42, "fields": {"name": "Can change checkout", "content_type": 11, "codename": "change_checkout"}}, {"model": "auth.permission", "pk": 43, "fields": {"name": "Can delete checkout", "content_type": 11, "codename": "delete_checkout"}}, {"model": "auth.permission", "pk": 44, "fields": {"name": "Can view checkout", "content_type": 11, "codename": "view_checkout"}}, {"model": "auth.permission", "pk": 45, "fields": {"name": "Can add al sal", "content_type": 12, "codename": "add_alsal"}}, {"model": "auth.permission", "pk": 46, "fields": {"name": "Can change al sal", "content_type": 12, "codename": "change_alsal"}}, {"model": "auth.permission", "pk": 47, "fields": {"name": "Can delete al sal", "content_type": 12, "codename": "delete_alsal"}}, {"model": "auth.permission", "pk": 48, "fields": {"name": "Can view al sal", "content_type": 12, "codename": "view_alsal"}}, {"model": "auth.group", "pk": 1, "fields": {"name": "Administradores", "permissions": [1, 2, 3, 4, 9, 10, 11, 12, 5, 6, 7, 8, 13, 14, 15, 16, 17, 18, 19, 20, 25, 26, 27, 28, 45, 46, 47, 48, 29, 30, 31, 32, 41, 42, 43, 44, 33, 34, 35, 36, 37, 38, 39, 40, 21, 22, 23, 24]}}, {"model": "auth.user", "pk": 1, "fields": {"password": "pbkdf2_sha256$600000$OeXZk9zSviG1vkBIMqCtYx$J6aOVViatJZiMx4lrzj5f3zyKHRjf/56wivaMRNJ2XU=", "last_login": "2025-09-29T17:23:33.694Z", "is_superuser": true, "username": "tresillo", "first_name": "", "last_name": "", "email": "joaquin.om5@gmail.com", "is_staff": true, "is_active": true, "date_joined": "2025-07-30T20:44:43Z", "groups": [1], "user_permissions": []}}, {"model": "auth.user", "pk": 2, "fields": {"password": "pbkdf2_sha256$600000$aBR2hYc9AwMSDV6PMMNlMc$ByQYIS5N5fNdzKAb0USMUU04MOZ1BUNM4HuKcPZnvTQ=", "last_login": "2025-09-29T17:43:57.898Z", "is_superuser": false, "username": "user", "first_name": "", "last_name": "", "email": "", "is_staff": false, "is_active": true, "date_joined": "2025-07-30T22:27:50Z", "groups": [], "user_permissions": []}}, {"model": "contenttypes.contenttype", "pk": 1, "fields": {"app_label": "admin", "model": "logentry"}}, {"model": "contenttypes.contenttype", "pk": 2, "fields": {"app_label": "auth", "model": "permission"}}, {"model": "contenttypes.contenttype", "pk": 3, "fields": {"app_label": "auth", "model": "group"}}, {"model": "contenttypes.contenttype", "pk": 4, "fields": {"app_label": "auth", "model": "user"}}, {"model": "contenttypes.contenttype", "pk": 5, "fields": {"app_label": "contenttypes", "model": "contenttype"}}, {"model": "contenttypes.contenttype", "pk": 6, "fields": {"app_label": "sessions", "model": "session"}}, {"model": "contenttypes.contenttype", "pk": 7, "fields": {"app_label": "refood_app", "model": "alent"}}, {"model": "contenttypes.contenttype", "pk": 8, "fields": {"app_label": "refood_app", "model": "benef"}}, {"model": "contenttypes.contenttype", "pk": 9, "fields": {"app_label": "refood_app", "model": "donante"}}, {"model": "contenttypes.contenttype", "pk": 10, "fields": {"app_label": "refood_app", "model": "tipoal"}}, {"model": "contenttypes.contenttype", "pk": 11, "fields": {"app_label": "refood_app", "model": "checkout"}}, {"model": "contenttypes.contenttype", "pk": 12, "fields": {"app_label": "refood_app", "model": "alsal"}}, {"model": "sessions.session", "pk": "9c27u0grlmbk6q7b2vy6aaochb8irg0x", "fields": {"session_data": ".eJxVjMsOwiAQRf-FtSHQDiAu3fcbyDDDSNXQpI-V8d-1SRe6veec-1IJt7WmbSlzGlldVKdOv1tGepS2A75ju02aprbOY9a7og-66GHi8rwe7t9BxaV-a08-Z2HxYqyLAOQ8QcbQ-57O5ACCSHTMwRgUcGQtQXAofec7ocjq_QH1ojg8:1uopSU:rGmN8Baus7Eo421am4stL_KfHAOgglOaA2tFydkDGZw", "expire_date": "2025-09-03T20:30:58.543Z"}}, {"model": "sessions.session", "pk": "ben3hjjypag5138tptyqz6q3fe376fym", "fields": {"session_data": ".eJxVjMsOwiAQRf-FtSHQDiAu3fcbyDDDSNXQpI-V8d-1SRe6veec-1IJt7WmbSlzGlldVKdOv1tGepS2A75ju02aprbOY9a7og-66GHi8rwe7t9BxaV-a08-Z2HxYqyLAOQ8QcbQ-57O5ACCSHTMwRgUcGQtQXAofec7ocjq_QH1ojg8:1ulrlZ:8h2KlZKeo_yF6leBO9VkrQ1gNN4WTFPOA3DaNrhbh7s", "expire_date": "2025-08-26T16:22:25.749Z"}}, {"model": "sessions.session", "pk": "c4cszbelt0bun72q0t9tcz2uwcpf8wqn", "fields": {"session_data": ".eJxVjEEOwiAQRe_C2hBoYQCX7j0DAWZGqoYmpV0Z765NutDtf-_9l4hpW2vcOi1xQnEWWpx-t5zKg9oO8J7abZZlbusyZbkr8qBdXmek5-Vw_w5q6vVb-2ypJAbWCtkABs0mm8Ghh0IuWOBx8I5L0OCsTzDqQFCYrGNvFSrx_gD2xTf_:1v3Hb3:JhXTtzmF5i-ZET3hx-gp1jf58BG8mfrpI72a-xoLIow", "expire_date": "2025-10-13T17:23:33.701Z"}}, {"model": "sessions.session", "pk": "erq8p1ze9dlncszc71s72nkbsuf4n7hk", "fields": {"session_data": ".eJxVjMsOwiAQRf-FtSHQDiAu3fcbyDDDSNXQpI-V8d-1SRe6veec-1IJt7WmbSlzGlldVKdOv1tGepS2A75ju02aprbOY9a7og-66GHi8rwe7t9BxaV-a08-Z2HxYqyLAOQ8QcbQ-57O5ACCSHTMwRgUcGQtQXAofec7ocjq_QH1ojg8:1v3Hun:8n9BXCwvUg_eATuSoBp888s6qL1hDk2pe131PYklYYA", "expire_date": "2025-10-13T17:43:57.910Z"}}, {"model": "refood_app.tipoal", "pk": 1, "fields": {"nombre_alimento": "Lasaña", "fruta_y_verdura": false, "descripcion": ""}}, {"model": "refood_app.tipoal", "pk": 2, "fields": {"nombre_alimento": "Arroz", "fruta_y_verdura": false, "descripcion": ""}}, {"model": "refood_app.tipoal", "pk": 3, "fields": {"nombre_alimento": "Lentejas", "fruta_y_verdura": false, "descripcion": ""}}, {"model": "refood_app.tipoal", "pk": 4, "fields": {"nombre_alimento": "Sopa", "fruta_y_verdura": false, "descripcion": ""}}, {"model": "refood_app.tipoal", "pk": 5, "fields": {"nombre_alimento": "Fruta y verdura", "fruta_y_verdura": false, "descripcion": ""}}, {"model": "refood_app.tipoal", "pk": 6, "fields": {"nombre_alimento": "Judias pintas", "fruta_y_verdura": false, "descripcion": ""}}, {"model": "refood_app.tipoal", "pk": 7, "fields": {"nombre_alimento": "Patatas a la marinera", "fruta_y_verdura": false, "descripcion": ""}}, {"model": "refood_app.tipoal", "pk": 8, "fields": {"nombre_alimento": "Pan", "fruta_y_verdura": false, "descripcion": ""}}, {"model": "refood_app.tipoal", "pk": 9, "fields": {"nombre_alimento": "Pure de verduras", "fruta_y_verdura": false, "descripcion": ""}}, {"model": "refood_app.tipoal", "pk": 10, "fields": {"nombre_alimento": "Turmix pollo y verduras", "fruta_y_verdura": false, "descripcion": ""}}, {"model": "refood_app.tipoal", "pk": 11, "fields": {"nombre_alimento": "Ensaladilla rusa", "fruta_y_verdura": false, "descripcion": ""}}, {"model": "refood_app.tipoal", "pk": 12, "fields": {"nombre_alimento": "Ensalda campera", "fruta_y_verdura": false, "descripcion": ""}}, {"model": "refood_app.tipoal", "pk": 13, "fields": {"nombre_alimento": "Judias pintas con patatas", "fruta_y_verdura": false, "descripcion": ""}}, {"model": "refood_app.tipoal", "pk": 14, "fields": {"nombre_alimento": "Pollo con salsa de mostaza", "fruta_y_verdura": false, "descripcion": ""}}, {"model": "refood_app.tipoal", "pk": 15, "fields": {"nombre_alimento": "Hamburguesas", "fruta_y_verdura": false, "descripcion": ""}}, {"model": "refood_app.tipoal", "pk": 16, "fields": {"nombre_alimento": "Muslitos de pollo", "fruta_y_verdura": false, "descripcion": ""}}, {"model": "refood_app.tipoal", "pk": 17, "fields": {"nombre_alimento": "Ensalada de pasta", "fruta_y_verdura": false, "descripcion": ""}}, {"model": "refood_app.tipoal", "pk": 18, "fields": {"nombre_alimento": "Guiso de carne carcamusa", "fruta_y_verdura": false, "descripcion": ""}}, {"model": "refood_app.tipoal", "pk": 19, "fields": {"nombre_alimento": "Sopa de marisco", "fruta_y_verdura": false, "descripcion": ""}}, {"model": "refood_app.tipoal", "pk": 20, "fields": {"nombre_alimento": "Paella", "fruta_y_verdura": false, "descripcion": ""}}, {"model": "refood_app.tipoal", "pk": 21, "fields": {"nombre_alimento": "Garbanzos guisados", "fruta_y_verdura": false, "descripcion": ""}}, {"model": "refood_app.tipoal", "pk": 22, "fields": {"nombre_alimento": "Ensala de garbanzos", "fruta_y_verdura": false, "descripcion": ""}}, {"model": "refood_app.tipoal", "pk": 23, "fields": {"nombre_alimento": "Alcachofas", "fruta_y_verdura": false, "descripcion": ""}}, {"model": "refood_app.donante", "pk": 1, "fields": {"id_donante": "D001", "nombre": "Vedruna", "categoria": "Colegio Mayor", "direccion": "-", "codigo_postal": "-", "provincia": "-", "telefono": "-", "email": "joaquin.om5@gmail.com", "responsable": "-", "fecha_alta": "2022-08-12T00:00:00Z", "fecha_baja": null, "comentarios": "", "activo": true}}, {"model": "refood_app.donante", "pk": 2, "fields": {"id_donante": "D005", "nombre": "Aquinas", "categoria": "CM", "direccion": "-", "codigo_postal": "-", "provincia": "-", "telefono": "-", "email": "joaquin.om5@gmail.com", "responsable": "-", "fecha_alta": "2021-08-12T00:00:00Z", "fecha_baja": null, "comentarios": "", "activo": true}}, {"model": "refood_app.donante", "pk": 3, "fields": {"id_donante": "D002", "nombre": "Alcalá", "categoria": "Colegio Mayor", "direccion": "-", "codigo_postal": "-", "provincia": "-", "telefono": "-", "email": "prueba@prueba.com", "responsable": "-", "fecha_alta": "2025-09-22T17:23:47Z", "fecha_baja": null, "comentarios": "", "activo": true}}, {"model": "refood_app.donante", "pk": 4, "fields": {"id_donante": "D004", "nombre": "Loyola", "categoria": "Colegio M", "direccion": "-", "codigo_postal": "-", "provincia": "-", "telefono": "-", "email": "prueba@prueba.com", "responsable": "-", "fecha_alta": "2025-09-22T17:24:46Z", "fecha_baja": null, "comentarios": "", "activo": true}}, {"model": "refood_app.donante", "pk": 5, "fields": {"id_donante": "D006", "nombre": "Pino", "categoria": "Colegio mayor", "direccion": "-", "codigo_postal": "-", "provincia": "-", "telefono": "-", "email": "prueba@prueba.com", "responsable": "-", "fecha_alta": "2025-09-22T17:25:11Z", "fecha_baja": null, "comentarios": "", "activo": true}}, {"model": "refood_app.donante", "pk": 6, "fields": {"id_donante": "D007", "nombre": "Casa Laura", "categoria": "-", "direccion": "-", "codigo_postal": "-", "provincia": "-", "telefono": "-", "email": "prueba@prueba.com", "responsable": "-", "fecha_alta": "2025-09-22T17:25:51Z", "fecha_baja": null, "comentarios": "", "activo": true}}, {"model": "refood_app.donante", "pk": 7, "fields": {"id_donante": "D008", "nombre": "Amor al plato", "categoria": "-", "direccion": "-", "codigo_postal": "-", "provincia": "-", "telefono": "-", "email": "prueba@prueba.com", "responsable": "-", "fecha_alta": "2025-09-22T17:26:41Z", "fecha_baja": null, "comentarios": "", "activo": true}}, {"model": "refood_app.donante", "pk": 8, "fields": {"id_donante": "D009", "nombre": "Esclerosis", "categoria": "-", "direccion": "-", "codigo_postal": "-", "provincia": "-", "telefono": "-", "email": "prueba@prueba.com", "responsable": "-", "fecha_alta": "2025-09-22T17:28:14Z", "fecha_baja": null, "comentarios": "", "activo": true}}, {"model": "refood_app.donante", "pk": 9, "fields": {"id_donante": "D010", "nombre": "Casa Jose Luis", "categoria": "-", "direccion": "-", "codigo_postal": "-", "provincia": "-", "telefono": "-", "email": "prueba@prueba.com", "responsable": "-", "fecha_alta": "2025-09-22T17:28:36Z", "fecha_baja": null, "comentarios": "", "activo": true}}, {"model": "refood_app.donante", "pk": 10, "fields": {"id_donante": "D011", "nombre": "El Cebón", "categoria": "-", "direccion": "-", "codigo_postal": "-", "provincia": "-", "telefono": "-", "email": "prueba@prueba.com", "responsable": "-", "fecha_alta": "2025-09-22T17:28:59Z", "fecha_baja": null, "comentarios": "", "activo": true}}, {"model": "refood_app.donante", "pk": 11, "fields": {"id_donante": "D012", "nombre": "Los mares", "categoria": "Fruteria", "direccion": "-", "codigo_postal": "-", "provincia": "-", "telefono": "-", "email": "prueba@prueba.com", "responsable": "-", "fecha_alta": "2025-09-22T17:29:35Z", "fecha_baja": null, "comentarios": "", "activo": true}}, {"model": "refood_app.donante", "pk": 12, "fields": {"id_donante": "D013", "nombre": "Panic", "categoria": "Panaderia", "direccion": "-", "codigo_postal": "-", "provincia": "-", "telefono": "-", "email": "prueba@prueba.com", "responsable": "-", "fecha_alta": "2025-09-22T17:29:57Z", "fecha_baja": null, "comentarios": "", "activo": true}}, {"model": "refood_app.donante", "pk": 13, "fields": {"id_donante": "D014", "nombre": "Fruteria Mariano", "categoria": "Fruteria", "direccion": "-", "codigo_postal": "-", "provincia": "-", "telefono": "-", "email": "prueba@prueba.com", "responsable": "-", "fecha_alta": "2025-09-22T17:30:18Z", "fecha_baja": null, "comentarios": "", "activo": true}}, {"model": "refood_app.benef", "pk": 1, "fields": {"id_beneficiario": "B001", "nombre_representante": "Prueba", "primer_apellido_representante": "-", "segundo_apellido_representante": "-", "numero_personas": 5, "email": "joaquin.om@fbw.com", "telefono": "-", "telefono_secundario": "-", "direccion": "-", "codigo_postal": "-", "fecha_alta": "2025-08-20T00:00:00Z", "fecha_baja": null, "numero_ninios": 1, "activo": false}}, {"model": "refood_app.benef", "pk": 2, "fields": {"id_beneficiario": "B005", "nombre_representante": "Prueba2", "primer_apellido_representante": "-", "segundo_apellido_representante": "-", "numero_personas": 5, "email": "doandowe@jdfe.com", "telefono": "-", "telefono_secundario": "-", "direccion": "-", "codigo_postal": "-", "fecha_alta": "2025-08-20T00:00:00Z", "fecha_baja": null, "numero_ninios": 2, "activo": false}}, {"model": "refood_app.benef", "pk": 3, "fields": {"id_beneficiario": "B026", "nombre_representante": "Shalua", "primer_apellido_representante": "-", "segundo_apellido_representante": "-", "numero_personas": 5, "email": "prueba@prueba.com", "telefono": "-", "telefono_secundario": "-", "direccion": "-", "codigo_postal": "-", "fecha_alta": "2025-09-22T18:14:09Z", "fecha_baja": null, "numero_ninios": 1, "activo": true}}, {"model": "refood_app.benef", "pk": 4, "fields": {"id_beneficiario": "B029", "nombre_representante": "Viviana", "primer_apellido_representante": "-", "segundo_apellido_representante": "-", "numero_personas": 5, "email": "prueba@prueba.com", "telefono": "-", "telefono_secundario": "-", "direccion": "-", "codigo_postal": "-", "fecha_alta": "2025-09-22T18:15:28Z", "fecha_baja": null, "numero_ninios": 2, "activo": true}}, {"model": "refood_app.benef", "pk": 5, "fields": {"id_beneficiario": "B034", "nombre_representante": "Mariano", "primer_apellido_representante": "-", "segundo_apellido_representante": "-", "numero_personas": 3, "email": "prueba@prueba.com", "telefono": "-", "telefono_secundario": "-", "direccion": "-", "codigo_postal": "-", "fecha_alta": "2025-09-22T18:17:57Z", "fecha_baja": null, "numero_ninios": 0, "activo": true}}, {"model": "refood_app.benef", "pk": 6, "fields": {"id_beneficiario": "B066", "nombre_representante": "Ascensión", "primer_apellido_representante": "-", "segundo_apellido_representante": "-", "numero_personas": 1, "email": "prueba@prueba.com", "telefono": "-", "telefono_secundario": "-", "direccion": "-", "codigo_postal": "-", "fecha_alta": "2025-09-22T18:23:11Z", "fecha_baja": null, "numero_ninios": 0, "activo": true}}, {"model": "refood_app.benef", "pk": 7, "fields": {"id_beneficiario": "B044", "nombre_representante": "Janeth", "primer_apellido_representante": "-", "segundo_apellido_representante": "-", "numero_personas": 9, "email": "prueba@prueba.com", "telefono": "-", "telefono_secundario": "-", "direccion": "-", "codigo_postal": "-", "fecha_alta": "2025-09-22T18:25:48Z", "fecha_baja": null, "numero_ninios": 3, "activo": true}}, {"model": "refood_app.benef", "pk": 8, "fields": {"id_beneficiario": "B081", "nombre_representante": "Albino", "primer_apellido_representante": "-", "segundo_apellido_representante": "-", "numero_personas": 1, "email": "prueba@prueba.com", "telefono": "-", "telefono_secundario": "-", "direccion": "-", "codigo_postal": "-", "fecha_alta": "2025-09-22T18:26:19Z", "fecha_baja": null, "numero_ninios": 0, "activo": true}}, {"model": "refood_app.benef", "pk": 9, "fields": {"id_beneficiario": "B086", "nombre_representante": "Gladys", "primer_apellido_representante": "-", "segundo_apellido_representante": "-", "numero_personas": 4, "email": "prueba@prueba.com", "telefono": "-", "telefono_secundario": "-", "direccion": "-", "codigo_postal": "-", "fecha_alta": "2025-09-22T18:28:42Z", "fecha_baja": null, "numero_ninios": 2, "activo": true}}, {"model": "refood_app.benef", "pk": 10, "fields": {"id_beneficiario": "B092", "nombre_representante": "Jorge Rosales", "primer_apellido_representante": "-", "segundo_apellido_representante": "-", "numero_personas": 3, "email": "prueba@prueba.com", "telefono": "-", "telefono_secundario": "-", "direccion": "-", "codigo_postal": "-", "fecha_alta": "2025-09-22T18:29:13Z", "fecha_baja": null, "numero_ninios": 1, "activo": true}}, {"model": "refood_app.benef", "pk": 11, "fields": {"id_beneficiario": "B095", "nombre_representante": "Doru", "primer_apellido_representante": "-", "segundo_apellido_representante": "-", "numero_personas": 1, "email": "prueba@prueba.com", "telefono": "-", "telefono_secundario": "-", "direccion": "-", "codigo_postal": "-", "fecha_alta": "2025-09-22T18:29:41Z", "fecha_baja": null, "numero_ninios": 0, "activo": true}}, {"model": "refood_app.benef", "pk": 12, "fields": {"id_beneficiario": "B097", "nombre_representante": "Gladys Esther", "primer_apellido_representante": "-", "segundo_apellido_representante": "-", "numero_personas": 5, "email": "prueba@prueba.com", "telefono": "-", "telefono_secundario": "-", "direccion": "-", "codigo_postal": "-", "fecha_alta": "2025-09-22T18:30:11Z", "fecha_baja": null, "numero_ninios": 1, "activo": true}}, {"model": "refood_app.benef", "pk": 13, "fields": {"id_beneficiario": "B102", "nombre_representante": "Mirtha", "primer_apellido_representante": "-", "segundo_apellido_representante": "-", "numero_personas": 2, "email": "prueba@prueba.com", "telefono": "-", "telefono_secundario": "-", "direccion": "-", "codigo_postal": "-", "fecha_alta": "2025-09-22T18:30:40Z", "fecha_baja": null, "numero_ninios": 0, "activo": true}}, {"model": "refood_app.benef", "pk": 14, "fields": {"id_beneficiario": "B105", "nombre_representante": "Liliana", "primer_apellido_representante": "-", "segundo_apellido_representante": "-", "numero_personas": 3, "email": "prueba@prueba.com", "telefono": "-", "telefono_secundario": "-", "direccion": "-", "codigo_postal": "-", "fecha_alta": "2025-09-22T18:31:02Z", "fecha_baja": null, "numero_ninios": 1, "activo": true}}, {"model": "refood_app.benef", "pk": 15, "fields": {"id_beneficiario": "B106", "nombre_representante": "Carmen", "primer_apellido_representante": "Rivas", "segundo_apellido_representante": "-", "numero_personas": 1, "email": "prueba@prueba.com", "telefono": "-", "telefono_secundario": "-", "direccion": "-", "codigo_postal": "-", "fecha_alta": "2025-09-22T18:31:29Z", "fecha_baja": null, "numero_ninios": 0, "activo": true}}, {"model": "refood_app.benef", "pk": 16, "fields": {"id_beneficiario": "B110", "nombre_representante": "Sandra", "primer_apellido_representante": "del Pilar", "segundo_apellido_representante": "-", "numero_personas": 4, "email": "prueba@prueba.com", "telefono": "-", "telefono_secundario": "-", "direccion": "-", "codigo_postal": "-", "fecha_alta": "2025-09-22T18:32:28Z", "fecha_baja": null, "numero_ninios": 1, "activo": true}}, {"model": "refood_app.benef", "pk": 17, "fields": {"id_beneficiario": "B112", "nombre_representante": "Elvira", "primer_apellido_representante": "-", "segundo_apellido_representante": "-", "numero_personas": 3, "email": "prueba@prueba.com", "telefono": "-", "telefono_secundario": "-", "direccion": "-", "codigo_postal": "-", "fecha_alta": "2025-09-22T18:33:14Z", "fecha_baja": null, "numero_ninios": 0, "activo": true}}, {"model": "refood_app.benef", "pk": 18, "fields": {"id_beneficiario": "B012", "nombre_representante": "Justo", "primer_apellido_representante": "-", "segundo_apellido_representante": "-", "numero_personas": 5, "email": "prueba@prueba.com", "telefono": "-", "telefono_secundario": "-", "direccion": "-", "codigo_postal": "-", "fecha_alta": "2025-09-29T17:37:29Z", "fecha_baja": null, "numero_ninios": 3, "activo": true}}, {"model": "refood_app.benef", "pk": 19, "fields": {"id_beneficiario": "B018", "nombre_representante": "Sergio", "primer_apellido_representante": "-", "segundo_apellido_representante": "-", "numero_personas": 3, "email": "prueba@prueba.com", "telefono": "-", "telefono_secundario": "-", "direccion": "-", "codigo_postal": "-", "fecha_alta": "2025-09-29T17:41:25Z", "fecha_baja": null, "numero_ninios": 0, "activo": true}}, {"model": "refood_app.benef", "pk": 20, "fields": {"id_beneficiario": "B056", "nombre_representante": "Marisa", "primer_apellido_representante": "-", "segundo_apellido_representante": "-", "numero_personas": 8, "email": "prueba@prueba.com", "telefono": "-", "telefono_secundario": "-", "direccion": "-", "codigo_postal": "-", "fecha_alta": "2025-09-29T17:41:52Z", "fecha_baja": null, "numero_ninios": 7, "activo": true}}, {"model": "refood_app.benef", "pk": 21, "fields": {"id_beneficiario": "B054", "nombre_representante": "Teresa", "primer_apellido_representante": "-", "segundo_apellido_representante": "-", "numero_personas": 2, "email": "prueba@prueba.com", "telefono": "-", "telefono_secundario": "-", "direccion": "-", "codigo_postal": "-", "fecha_alta": "2025-09-29T17:42:33Z", "fecha_baja": null, "numero_ninios": 0, "activo": true}}, {"model": "refood_app.benef", "pk": 22, "fields": {"id_beneficiario": "B064", "nombre_representante": "Veronica", "primer_apellido_representante": "-", "segundo_apellido_representante": "-", "numero_personas": 2, "email": "prueba@prueba.com", "telefono": "-", "telefono_secundario": "-", "direccion": "-", "codigo_postal": "-", "fecha_alta": "2025-09-29T17:43:39Z", "fecha_baja": null, "numero_ninios": 1, "activo": true}}, {"model": "refood_app.benef", "pk": 23, "fields": {"id_beneficiario": "B065", "nombre_representante": "Lidia", "primer_apellido_representante": "-", "segundo_apellido_representante": "-", "numero_personas": 4, "email": "prueba@prueba.com", "telefono": "-", "telefono_secundario": "-", "direccion": "-", "codigo_postal": "-", "fecha_alta": "2025-09-29T17:49:33Z", "fecha_baja": null, "numero_ninios": 0, "activo": true}}, {"model": "refood_app.benef", "pk": 24, "fields": {"id_beneficiario": "B076", "nombre_representante": "Daniela", "primer_apellido_representante": "-", "segundo_apellido_representante": "-", "numero_personas": 1, "email": "prueba@prueba.com", "telefono": "-", "telefono_secundario": "-", "direccion": "-", "codigo_postal": "-", "fecha_alta": "2025-09-29T17:50:18Z", "fecha_baja": null, "numero_ninios": 0, "activo": true}}, {"model": "refood_app.benef", "pk": 25, "fields": {"id_beneficiario": "B083", "nombre_representante": "Lucia", "primer_apellido_representante": "-", "segundo_apellido_representante": "-", "numero_personas": 4, "email": "prueba@prueba.com", "telefono": "-", "telefono_secundario": "-", "direccion": "-", "codigo_postal": "-", "fecha_alta": "2025-09-29T17:52:00Z", "fecha_baja": null, "numero_ninios": 2, "activo": true}}, {"model": "refood_app.benef", "pk": 26, "fields": {"id_beneficiario": "B091", "nombre_representante": "Alberto", "primer_apellido_representante": "-", "segundo_apellido_representante": "-", "numero_personas": 11, "email": "prueba@prueba.com", "telefono": "-", "telefono_secundario": "-", "direccion": "-", "codigo_postal": "-", "fecha_alta": "2025-09-29T17:52:56Z", "fecha_baja": null, "numero_ninios": 2, "activo": true}}, {"model": "refood_app.benef", "pk": 27, "fields": {"id_beneficiario": "B099", "nombre_representante": "Carmen Delgado", "primer_apellido_representante": "-", "segundo_apellido_representante": "-", "numero_personas": 2, "email": "prueba@prueba.com", "telefono": "-", "telefono_secundario": "-", "direccion": "-", "codigo_postal": "-", "fecha_alta": "2025-09-29T17:53:24Z", "fecha_baja": null, "numero_ninios": 1, "activo": true}}, {"model": "refood_app.benef", "pk": 28, "fields": {"id_beneficiario": "B108", "nombre_representante": "Johan", "primer_apellido_representante": "-", "segundo_apellido_representante": "-", "numero_personas": 1, "email": "prueba@prueba.com", "telefono": "-", "telefono_secundario": "-", "direccion": "-", "codigo_postal": "-", "fecha_alta": "2025-09-29T17:54:02Z", "fecha_baja": null, "numero_ninios": 0, "activo": true}}, {"model": "refood_app.benef", "pk": 29, "fields": {"id_beneficiario": "B109", "nombre_representante": "Francisca Girao", "primer_apellido_representante": "-", "segundo_apellido_representante": "-", "numero_personas": 1, "email": "prueba@prueba.com", "telefono": "-", "telefono_secundario": "-", "direccion": "-", "codigo_postal": "-", "fecha_alta": "2025-09-29T17:54:25Z", "fecha_baja": null, "numero_ninios": 1, "activo": true}}, {"model": "refood_app.benef", "pk": 30, "fields": {"id_beneficiario": "B111", "nombre_representante": "Gabriela", "primer_apellido_representante": "Sanchez", "segundo_apellido_representante": "-", "numero_personas": 5, "email": "prueba@prueba.com", "telefono": "-", "telefono_secundario": "-", "direccion": "-", "codigo_postal": "-", "fecha_alta": "2025-09-29T17:55:06Z", "fecha_baja": null, "numero_ninios": 0, "activo": true}}, {"model": "refood_app.alent", "pk": 1, "fields": {"peso": 2.0, "fruta_y_verdura": false, "fecha_y_hora_entrada": "2025-08-20T19:53:46Z", "fecha_y_hora_recogida": "2025-08-20T19:53:46Z", "fecha_y_hora_preparacion": "2025-08-20T19:53:46Z", "donante": 1, "tipo_al": 2}}, {"model": "refood_app.alent", "pk": 2, "fields": {"peso": 4.0, "fruta_y_verdura": false, "fecha_y_hora_entrada": "2025-08-20T19:53:59Z", "fecha_y_hora_recogida": "2025-08-20T19:53:59Z", "fecha_y_hora_preparacion": "2025-08-20T19:53:59Z", "donante": 2, "tipo_al": 4}}, {"model": "refood_app.alent", "pk": 3, "fields": {"peso": 2.0, "fruta_y_verdura": false, "fecha_y_hora_entrada": "2025-09-07T11:02:37Z", "fecha_y_hora_recogida": "2025-09-07T11:02:37Z", "fecha_y_hora_preparacion": "2025-09-07T11:02:37Z", "donante": 1, "tipo_al": 1}}, {"model": "refood_app.alent", "pk": 4, "fields": {"peso": 3.0, "fruta_y_verdura": false, "fecha_y_hora_entrada": "2025-09-07T11:02:44Z", "fecha_y_hora_recogida": "2025-09-07T11:02:44Z", "fecha_y_hora_preparacion": "2025-09-07T11:02:44Z", "donante": 2, "tipo_al": 4}}, {"model": "refood_app.alent", "pk": 5, "fields": {"peso": 2.0, "fruta_y_verdura": false, "fecha_y_hora_entrada": "2025-09-07T16:46:50Z", "fecha_y_hora_recogida": "2025-09-07T16:46:50Z", "fecha_y_hora_preparacion": "2025-09-07T16:46:50Z", "donante": 2, "tipo_al": 3}}, {"model": "refood_app.alent", "pk": 6, "fields": {"peso": 2.0, "fruta_y_verdura": false, "fecha_y_hora_entrada": "2025-09-11T18:00:33Z", "fecha_y_hora_recogida": "2025-09-11T18:00:33Z", "fecha_y_hora_preparacion": "2025-09-11T18:00:33Z", "donante": 1, "tipo_al": 2}}, {"model": "refood_app.alent", "pk": 7, "fields": {"peso": 5.0, "fruta_y_verdura": false, "fecha_y_hora_entrada": "2025-09-11T18:01:04Z", "fecha_y_hora_recogida": "2025-09-11T18:01:04Z", "fecha_y_hora_preparacion": "2025-09-11T18:01:04Z", "donante": 2, "tipo_al": 4}}, {"model": "refood_app.alent", "pk": 8, "fields": {"peso": 2.0, "fruta_y_verdura": false, "fecha_y_hora_entrada": "2025-09-11T18:01:20Z", "fecha_y_hora_recogida": "2025-09-11T18:01:20Z", "fecha_y_hora_preparacion": "2025-09-11T18:01:20Z", "donante": 1, "tipo_al": 1}}, {"model": "refood_app.alent", "pk": 9, "fields": {"peso": 4.7, "fruta_y_verdura": false, "fecha_y_hora_entrada": "2025-09-22T17:51:36Z", "fecha_y_hora_recogida": "2025-09-22T17:51:36Z", "fecha_y_hora_preparacion": "2025-09-22T17:51:36Z", "donante": 13, "tipo_al": 5}}, {"model": "refood_app.alent", "pk": 10, "fields": {"peso": 3.8, "fruta_y_verdura": false, "fecha_y_hora_entrada": "2025-09-22T18:02:02Z", "fecha_y_hora_recogida": "2025-09-22T18:02:02Z", "fecha_y_hora_preparacion": "2025-09-22T18:02:02Z", "donante": 7, "tipo_al": 6}}, {"model": "refood_app.alent", "pk": 11, "fields": {"peso": 2.0, "fruta_y_verdura": false, "fecha_y_hora_entrada": "2025-09-22T18:02:44Z", "fecha_y_hora_recogida": "2025-09-22T18:02:44Z", "fecha_y_hora_preparacion": "2025-09-22T18:02:44Z", "donante": 7, "tipo_al": 7}}, {"model": "refood_app.alent", "pk": 12, "fields": {"peso": 1.8, "fruta_y_verdura": false, "fecha_y_hora_entrada": "2025-09-22T18:02:52Z", "fecha_y_hora_recogida": "2025-09-22T18:02:52Z", "fecha_y_hora_preparacion": "2025-09-22T18:02:52Z", "donante": 10, "tipo_al": 3}}, {"model": "refood_app.alent", "pk": 13, "fields": {"peso": 3.5, "fruta_y_verdura": false, "fecha_y_hora_entrada": "2025-09-22T18:05:17Z", "fecha_y_hora_recogida": "2025-09-22T18:05:17Z", "fecha_y_hora_preparacion": "2025-09-22T18:05:17Z", "donante": 12, "tipo_al": 8}}, {"model": "refood_app.alent", "pk": 14, "fields": {"peso": 3.3, "fruta_y_verdura": false, "fecha_y_hora_entrada": "2025-09-22T18:06:18Z", "fecha_y_hora_recogida": "2025-09-22T18:06:18Z", "fecha_y_hora_preparacion": "2025-09-22T18:06:18Z", "donante": 8, "tipo_al": 9}}, {"model": "refood_app.alent", "pk": 15, "fields": {"peso": 3.6, "fruta_y_verdura": false, "fecha_y_hora_entrada": "2025-09-22T18:07:50Z", "fecha_y_hora_recogida": "2025-09-22T18:07:50Z", "fecha_y_hora_preparacion": "2025-09-22T18:07:50Z", "donante": 9, "tipo_al": 13}}, {"model": "refood_app.alent", "pk": 16, "fields": {"peso": 1.5, "fruta_y_verdura": false, "fecha_y_hora_entrada": "2025-09-22T18:08:14Z", "fecha_y_hora_recogida": "2025-09-22T18:08:14Z", "fecha_y_hora_preparacion": "2025-09-22T18:08:14Z", "donante": 9, "tipo_al": 12}}, {"model": "refood_app.alent", "pk": 17, "fields": {"peso": 0.5, "fruta_y_verdura": false, "fecha_y_hora_entrada": "2025-09-22T18:08:27Z", "fecha_y_hora_recogida": "2025-09-22T18:08:27Z", "fecha_y_hora_preparacion": "2025-09-22T18:08:27Z", "donante": 8, "tipo_al": 10}}, {"model": "refood_app.alent", "pk": 18, "fields": {"peso": 1.9, "fruta_y_verdura": false, "fecha_y_hora_entrada": "2025-09-22T18:50:38Z", "fecha_y_hora_recogida": "2025-09-22T18:50:38Z", "fecha_y_hora_preparacion": "2025-09-22T18:50:38Z", "donante": 5, "tipo_al": 14}}, {"model": "refood_app.alent", "pk": 19, "fields": {"peso": 3.2, "fruta_y_verdura": false, "fecha_y_hora_entrada": "2025-09-22T18:51:10Z", "fecha_y_hora_recogida": "2025-09-22T18:51:10Z", "fecha_y_hora_preparacion": "2025-09-22T18:51:10Z", "donante": 5, "tipo_al": 15}}, {"model": "refood_app.alent", "pk": 20, "fields": {"peso": 8.1, "fruta_y_verdura": false, "fecha_y_hora_entrada": "2025-09-22T18:51:34Z", "fecha_y_hora_recogida": "2025-09-22T18:51:34Z", "fecha_y_hora_preparacion": "2025-09-22T18:51:34Z", "donante": 5, "tipo_al": 20}}, {"model": "refood_app.alent", "pk": 21, "fields": {"peso": 4.2, "fruta_y_verdura": false, "fecha_y_hora_entrada": "2025-09-22T18:53:52Z", "fecha_y_hora_recogida": "2025-09-22T18:53:52Z", "fecha_y_hora_preparacion": "2025-09-22T18:53:52Z", "donante": 5, "tipo_al": 3}}, {"model": "refood_app.alent", "pk": 22, "fields": {"peso": 9.2, "fruta_y_verdura": false, "fecha_y_hora_entrada": "2025-09-22T18:54:04Z", "fecha_y_hora_recogida": "2025-09-22T18:54:04Z", "fecha_y_hora_preparacion": "2025-09-22T18:54:04Z", "donante": 5, "tipo_al": 21}}, {"model": "refood_app.alent", "pk": 23, "fields": {"peso": 5.0, "fruta_y_verdura": false, "fecha_y_hora_entrada": "2025-09-22T18:54:23Z", "fecha_y_hora_recogida": "2025-09-22T18:54:23Z", "fecha_y_hora_preparacion": "2025-09-22T18:54:23Z", "donante": 4, "tipo_al": 16}}, {"model": "refood_app.alent", "pk": 24, "fields": {"peso": 6.3, "fruta_y_verdura": false, "fecha_y_hora_entrada": "2025-09-22T18:55:37Z", "fecha_y_hora_recogida": "2025-09-22T18:55:37Z", "fecha_y_hora_preparacion": "2025-09-22T18:55:37Z", "donante": 4, "tipo_al": 17}}, {"model": "refood_app.alent", "pk": 25, "fields": {"peso": 4.9, "fruta_y_verdura": false, "fecha_y_hora_entrada": "2025-09-22T18:55:52Z", "fecha_y_hora_recogida": "2025-09-22T18:55:52Z", "fecha_y_hora_preparacion": "2025-09-22T18:55:52Z", "donante": 4, "tipo_al": 19}}, {"model": "refood_app.alent", "pk": 26, "fields": {"peso": 9.2, "fruta_y_verdura": false, "fecha_y_hora_entrada": "2025-09-22T18:56:25Z", "fecha_y_hora_recogida": "2025-09-22T18:56:25Z", "fecha_y_hora_preparacion": "2025-09-22T18:56:25Z", "donante": 2, "tipo_al": 18}}, {"model": "refood_app.alent", "pk": 27, "fields": {"peso": 1.4, "fruta_y_verdura": false, "fecha_y_hora_entrada": "2025-09-22T18:56:44Z", "fecha_y_hora_recogida": "2025-09-22T18:56:44Z", "fecha_y_hora_preparacion": "2025-09-22T18:56:44Z", "donante": 3, "tipo_al": 22}}, {"model": "refood_app.alent", "pk": 28, "fields": {"peso": 1.6, "fruta_y_verdura": false, "fecha_y_hora_entrada": "2025-09-22T18:57:01Z", "fecha_y_hora_recogida": "2025-09-22T18:57:01Z", "fecha_y_hora_preparacion": "2025-09-22T18:57:01Z", "donante": 3, "tipo_al": 23}}, {"model": "refood_app.alent", "pk": 29, "fields": {"peso": 1.5, "fruta_y_verdura": false, "fecha_y_hora_entrada": "2025-09-22T18:57:56Z", "fecha_y_hora_recogida": "2025-09-22T18:57:56Z", "fecha_y_hora_preparacion": "2025-09-22T18:57:56Z", "donante": 1, "tipo_al": 8}}, {"model": "refood_app.alent", "pk": 30, "fields": {"peso": 4.5, "fruta_y_verdura": false, "fecha_y_hora_entrada": "2025-09-29T17:44:01Z", "fecha_y_hora_recogida": "2025-09-29T17:44:01Z", "fecha_y_hora_preparacion": "2025-09-29T17:44:01Z", "donante": 13, "tipo_al": 5}}, {"model": "refood_app.alsal", "pk": 5, "fields": {"fecha_salida": "2025-08-20T00:00:00Z", "benef": 1, "al_ent": 1}}, {"model": "refood_app.alsal", "pk": 6, "fields": {"fecha_salida": "2025-08-20T00:00:00Z", "benef": 1, "al_ent": 2}}, {"model": "refood_app.alsal", "pk": 7, "fields": {"fecha_salida": "2025-08-20T00:00:00Z", "benef": 2, "al_ent": 1}}, {"model": "refood_app.alsal", "pk": 8, "fields": {"fecha_salida": "2025-08-20T00:00:00Z", "benef": 2, "al_ent": 2}}, {"model": "refood_app.alsal", "pk": 9, "fields": {"fecha_salida": "2025-09-07T00:00:00Z", "benef": 1, "al_ent": 3}}, {"model": "refood_app.alsal", "pk": 10, "fields": {"fecha_salida": "2025-09-07T00:00:00Z", "benef": 1, "al_ent": 4}}, {"model": "refood_app.alsal", "pk": 11, "fields": {"fecha_salida": "2025-09-11T00:00:00Z", "benef": 1, "al_ent": 6}}, {"model": "refood_app.alsal", "pk": 12, "fields": {"fecha_salida": "2025-09-11T00:00:00Z", "benef": 1, "al_ent": 8}}, {"model": "refood_app.alsal", "pk": 13, "fields": {"fecha_salida": "2025-09-11T00:00:00Z", "benef": 2, "al_ent": 6}}, {"model": "refood_app.alsal", "pk": 14, "fields": {"fecha_salida": "2025-09-11T00:00:00Z", "benef": 2, "al_ent": 7}}, {"model": "refood_app.alsal", "pk": 15, "fields": {"fecha_salida": "2025-09-22T00:00:00Z", "benef": 5, "al_ent": 16}}, {"model": "refood_app.alsal", "pk": 16, "fields": {"fecha_salida": "2025-09-22T00:00:00Z", "benef": 5, "al_ent": 26}}, {"model": "refood_app.alsal", "pk": 17, "fields": {"fecha_salida": "2025-09-22T00:00:00Z", "benef": 5, "al_ent": 23}}, {"model": "refood_app.alsal", "pk": 18, "fields": {"fecha_salida": "2025-09-22T00:00:00Z", "benef": 5, "al_ent": 20}}, {"model": "refood_app.alsal", "pk": 19, "fields": {"fecha_salida": "2025-09-22T00:00:00Z", "benef": 5, "al_ent": 18}}, {"model": "refood_app.alsal", "pk": 20, "fields": {"fecha_salida": "2025-09-22T00:00:00Z", "benef": 12, "al_ent": 22}}, {"model": "refood_app.alsal", "pk": 21, "fields": {"fecha_salida": "2025-09-22T00:00:00Z", "benef": 12, "al_ent": 19}}, {"model": "refood_app.alsal", "pk": 22, "fields": {"fecha_salida": "2025-09-22T00:00:00Z", "benef": 12, "al_ent": 23}}, {"model": "refood_app.alsal", "pk": 23, "fields": {"fecha_salida": "2025-09-22T00:00:00Z", "benef": 12, "al_ent": 14}}, {"model": "refood_app.alsal", "pk": 24, "fields": {"fecha_salida": "2025-09-22T00:00:00Z", "benef": 12, "al_ent": 25}}, {"model": "refood_app.alsal", "pk": 25, "fields": {"fecha_salida": "2025-09-22T00:00:00Z", "benef": 9, "al_ent": 22}}, {"model": "refood_app.alsal", "pk": 26, "fields": {"fecha_salida": "2025-09-22T00:00:00Z", "benef": 9, "al_ent": 26}}, {"model": "refood_app.alsal", "pk": 27, "fields": {"fecha_salida": "2025-09-22T00:00:00Z", "benef": 9, "al_ent": 21}}, {"model": "refood_app.alsal", "pk": 28, "fields": {"fecha_salida": "2025-09-22T00:00:00Z", "benef": 9, "al_ent": 23}}, {"model": "refood_app.alsal", "pk": 29, "fields": {"fecha_salida": "2025-09-22T00:00:00Z", "benef": 9, "al_ent": 20}}, {"model": "refood_app.alsal", "pk": 30, "fields": {"fecha_salida": "2025-09-22T00:00:00Z", "benef": 14, "al_ent": 24}}, {"model": "refood_app.alsal", "pk": 31, "fields": {"fecha_salida": "2025-09-22T00:00:00Z", "benef": 14, "al_ent": 26}}, {"model": "refood_app.alsal", "pk": 32, "fields": {"fecha_salida": "2025-09-22T00:00:00Z", "benef": 14, "al_ent": 19}}, {"model": "refood_app.alsal", "pk": 33, "fields": {"fecha_salida": "2025-09-22T00:00:00Z", "benef": 14, "al_ent": 23}}, {"model": "refood_app.alsal", "pk": 34, "fields": {"fecha_salida": "2025-09-22T00:00:00Z", "benef": 14, "al_ent": 20}}, {"model": "refood_app.alsal", "pk": 35, "fields": {"fecha_salida": "2025-09-22T00:00:00Z", "benef": 16, "al_ent": 24}}, {"model": "refood_app.alsal", "pk": 36, "fields": {"fecha_salida": "2025-09-22T00:00:00Z", "benef": 16, "al_ent": 26}}, {"model": "refood_app.alsal", "pk": 37, "fields": {"fecha_salida": "2025-09-22T00:00:00Z", "benef": 16, "al_ent": 15}}, {"model": "refood_app.alsal", "pk": 38, "fields": {"fecha_salida": "2025-09-22T00:00:00Z", "benef": 16, "al_ent": 23}}, {"model": "refood_app.alsal", "pk": 39, "fields": {"fecha_salida": "2025-09-22T00:00:00Z", "benef": 16, "al_ent": 20}}, {"model": "refood_app.alsal", "pk": 40, "fields": {"fecha_salida": "2025-09-22T00:00:00Z", "benef": 7, "al_ent": 22}}, {"model": "refood_app.alsal", "pk": 41, "fields": {"fecha_salida": "2025-09-22T00:00:00Z", "benef": 7, "al_ent": 26}}, {"model": "refood_app.alsal", "pk": 42, "fields": {"fecha_salida": "2025-09-22T00:00:00Z", "benef": 7, "al_ent": 10}}, {"model": "refood_app.alsal", "pk": 43, "fields": {"fecha_salida": "2025-09-22T00:00:00Z", "benef": 7, "al_ent": 12}}, {"model": "refood_app.alsal", "pk": 44, "fields": {"fecha_salida": "2025-09-22T00:00:00Z", "benef": 7, "al_ent": 20}}, {"model": "refood_app.alsal", "pk": 45, "fields": {"fecha_salida": "2025-09-22T00:00:00Z", "benef": 7, "al_ent": 14}}, {"model": "refood_app.alsal", "pk": 46, "fields": {"fecha_salida": "2025-09-22T00:00:00Z", "benef": 6, "al_ent": 28}}, {"model": "refood_app.alsal", "pk": 47, "fields": {"fecha_salida": "2025-09-22T00:00:00Z", "benef": 6, "al_ent": 27}}, {"model": "refood_app.alsal", "pk": 48, "fields": {"fecha_salida": "2025-09-22T00:00:00Z", "benef": 6, "al_ent": 26}}, {"model": "refood_app.alsal", "pk": 49, "fields": {"fecha_salida": "2025-09-22T00:00:00Z", "benef": 6, "al_ent": 18}}, {"model": "refood_app.alsal", "pk": 50, "fields": {"fecha_salida": "2025-09-22T00:00:00Z", "benef": 8, "al_ent": 28}}, {"model": "refood_app.alsal", "pk": 51, "fields": {"fecha_salida": "2025-09-22T00:00:00Z", "benef": 8, "al_ent": 26}}, {"model": "refood_app.alsal", "pk": 52, "fields": {"fecha_salida": "2025-09-22T00:00:00Z", "benef": 8, "al_ent": 18}}, {"model": "refood_app.alsal", "pk": 53, "fields": {"fecha_salida": "2025-09-22T00:00:00Z", "benef": 8, "al_ent": 14}}, {"model": "refood_app.alsal", "pk": 54, "fields": {"fecha_salida": "2025-09-22T00:00:00Z", "benef": 8, "al_ent": 23}}]